model,preprocess,seed,n_test,test_accuracy,test_macro_f1,test_weighted_f1
random forest,mean,42,17,0.8235294117647058,0.810966810966811,0.8051948051948051
gradient boosting,mean,42,17,0.47058823529411764,0.41830065359477125,0.4036908881199538
svm_lin,mean,42,17,0.4117647058823529,0.38888888888888884,0.3725490196078431
logistic regression,mean,42,17,0.35294117647058826,0.31876750700280115,0.3207118141374197
svm_rbf,mean,42,17,0.4117647058823529,0.29523809523809524,0.2957983193277311
