model,preprocess,seed,test_size,n_test,test_accuracy,test_macro_f1,test_weighted_f1
random forest,l1,42,0.2,17,1.0,1.0,1.0
gradient boosting,l1,42,0.2,17,1.0,1.0,1.0
svm_rbf,l1,42,0.2,17,0.9411764705882353,0.9393939393939394,0.9411764705882353
svm_lin,l1,42,0.2,17,0.8235294117647058,0.8261072261072262,0.8294529000411354
logistic regression,l1,42,0.2,17,0.7647058823529411,0.7714285714285714,0.7747899159663866
