model,preprocess,folds,seed,test_size,mean_accuracy,std_accuracy,mean_macro_f1,std_macro_f1,n_train,n_test,n_all
random forest,mean,5,42,0.2,0.732051282051282,0.11238260000415962,0.7310582010582011,0.11309399733222039,64,17,81
gradient boosting,mean,5,42,0.2,0.4833333333333333,0.08383478320139391,0.4252188552188552,0.12125431364432379,64,17,81
svm_lin,mean,5,42,0.2,0.4051282051282052,0.08488689926793255,0.3762097162097162,0.07970300527113235,64,17,81
svm_rbf,mean,5,42,0.2,0.40512820512820513,0.04971979340939826,0.35491101491101495,0.06232177245092732,64,17,81
logistic regression,mean,5,42,0.2,0.3282051282051282,0.05710527551620535,0.2692063492063492,0.06685988628508067,64,17,81
