model,preprocess,folds,seed,test_size,mean_accuracy,std_accuracy,mean_macro_f1,std_macro_f1,n_train,n_test,n_all
random forest,l1,5,42,0.2,1.0,0.0,1.0,0.0,64,17,81
gradient boosting,l1,5,42,0.2,0.9846153846153847,0.03076923076923075,0.9851851851851852,0.02962962962962963,64,17,81
svm_rbf,l1,5,42,0.2,0.9692307692307693,0.03768445758127964,0.9696007696007696,0.03725118154716261,64,17,81
svm_lin,l1,5,42,0.2,0.8615384615384617,0.08970695222838923,0.8615658415658416,0.08786527383762925,64,17,81
logistic regression,l1,5,42,0.2,0.7346153846153847,0.12427303401079627,0.7119265919265919,0.1340426764030837,64,17,81
